Feature,Importance
Rolling_30,0.34832286174913357
Rolling_7,0.33632986881058674
DayOfWeek,0.216292706585338
Lag_7,0.05675317662790023
Lag_1,0.03983607147446649
Month,0.002465314752574966
Quarter,0.0
